1609_Z1$1,28201_Z1$1
38LZ1_Z1$Z1,38LY1_Z1$Z1
CB_44652B_FLOW$1,CB_44652A_FLOW$1
CB_44352B_FLOW$1,CB_44352A_FLOW$1
FAIRFAX2_5020$S,FAIRFAX2_7640$S
ADAMS_I_681_3$S,ADAMSADAMS16_1$S
1074_ZBR$1,1094_ZBR$1
ZBR_888$1,ZBR_884$1
A1010_LAGN$A,A1030_LAGN$A
COCDR_COUGH_A1$A,COCDR_COUGH_A2$A
FBRNCH_M07T1$A,FBRNCH_M07T2$A
PEOPLES_LD$A,PEOPLES_LD_BYP$A
SHLB_1034_ZB$1,SHLB_1054_ZB$1
PROVEN1_SWP_LD$1,PROVEN2_SWP_LD$1
TYLER2_CWAY_LD$A,TYLER__CWAY_LD$A
6935$T,6958$T
BUS_1$1,BUS_2$1
INDIA2_IND1153$1,INDIA1_INDOLA3$1
BUFFINGT_TB46$1,BUFFINGT_TB45$1
